<?xml version="1.0" encoding="UTF-8"?>
<project-private xmlns="http://www.netbeans.org/ns/project-private/1">
    <editor-bookmarks xmlns="http://www.netbeans.org/ns/editor-bookmarks/2" lastBookmarkId="0"/>
    <open-files xmlns="http://www.netbeans.org/ns/projectui-open-files/2">
        <group>
            <file>file:/C:/Users/2010a/OneDrive/Desktop/Projects/CarRentalSystem/src/carrentalsystem/AddCustomer.java</file>
            <file>file:/C:/Users/2010a/OneDrive/Desktop/Projects/CarRentalSystem/src/carrentalsystem/SearchCustomer.java</file>
            <file>file:/C:/Users/2010a/OneDrive/Desktop/Projects/CarRentalSystem/src/carrentalsystem/AddVehicle.java</file>
            <file>file:/C:/Users/2010a/OneDrive/Desktop/Projects/CarRentalSystem/src/carrentalsystem/Rate.java</file>
            <file>file:/C:/Users/2010a/OneDrive/Desktop/Projects/CarRentalSystem/src/carrentalsystem/ReturnRental.java</file>
            <file>file:/C:/Users/2010a/OneDrive/Desktop/Projects/CarRentalSystem/src/carrentalsystem/SearchVehicle.java</file>
            <file>file:/C:/Users/2010a/OneDrive/Desktop/Projects/CarRentalSystem/src/carrentalsystem/AddRental.java</file>
            <file>file:/C:/Users/2010a/OneDrive/Desktop/Projects/CarRentalSystem/src/carrentalsystem/Home.java</file>
            <file>file:/C:/Users/2010a/OneDrive/Desktop/Projects/CarRentalSystem/src/carrentalsystem/CarRentalSystem.java</file>
        </group>
    </open-files>
</project-private>
